,6sdz-chain-B,6sdz,7ob4-chain-B,7ob4
1-15,inf,inf,inf,inf
2-16,inf,inf,inf,inf
3-17,inf,inf,inf,inf
4-18,inf,inf,inf,inf
5-19,inf,inf,inf,inf
6-20,inf,inf,inf,inf
7-21,inf,inf,inf,inf
8-22,inf,inf,inf,inf
9-23,inf,inf,inf,inf
10-24,inf,inf,inf,inf
11-25,inf,inf,inf,inf
12-26,inf,0.40755293293290007,inf,0.4112285536741229
13-27,inf,inf,inf,inf
14-28,inf,inf,inf,inf
15-29,inf,inf,inf,inf
16-30,inf,inf,inf,inf
17-31,inf,0.2976553319214231,inf,0.29703570031040405
18-32,inf,0.33981429430671023,inf,0.3405111652691767
19-33,inf,0.21272914697738118,inf,0.21717219815633965
20-34,inf,inf,inf,inf
21-35,inf,inf,inf,inf
22-36,inf,inf,inf,inf
23-37,inf,inf,inf,inf
24-38,inf,inf,inf,inf
25-39,inf,inf,inf,inf
26-40,inf,inf,inf,inf
27-41,inf,inf,inf,inf
28-42,inf,inf,inf,inf
29-43,inf,inf,inf,inf
30-44,inf,inf,inf,inf
31-45,inf,inf,inf,inf
32-46,inf,inf,inf,inf
33-47,inf,inf,inf,inf
34-48,inf,inf,inf,inf
35-49,inf,inf,inf,inf
36-50,inf,inf,inf,inf
37-51,inf,inf,inf,inf
38-52,inf,inf,inf,inf
39-53,inf,inf,inf,inf
40-54,inf,inf,inf,inf
41-55,inf,inf,inf,inf
42-56,inf,inf,inf,inf
43-57,inf,inf,inf,inf
44-58,inf,inf,inf,inf
45-59,inf,inf,inf,inf
46-60,inf,inf,inf,inf
47-61,inf,inf,inf,inf
48-62,inf,inf,inf,inf
49-63,inf,inf,inf,inf
50-64,inf,inf,inf,inf
51-65,inf,inf,inf,inf
52-66,inf,inf,inf,inf
53-67,inf,inf,inf,inf
54-68,inf,inf,inf,inf
55-69,inf,inf,inf,inf
56-70,inf,inf,inf,inf
57-71,inf,inf,inf,inf
58-72,inf,inf,inf,inf
59-73,inf,inf,inf,inf
60-74,0.38138067854062874,inf,inf,inf
61-75,inf,inf,inf,inf
62-76,inf,inf,inf,inf
63-77,inf,inf,inf,inf
64-78,inf,inf,inf,inf
65-79,inf,inf,inf,inf
66-80,inf,inf,inf,inf
67-81,inf,inf,inf,inf
68-82,inf,inf,inf,inf
69-83,inf,inf,inf,inf
70-84,0.35642897202356755,inf,0.302785976217783,inf
71-85,0.4805050720900918,inf,0.424716521690756,inf
72-86,inf,inf,inf,inf
73-87,inf,inf,inf,inf
74-88,inf,inf,inf,inf
75-89,inf,inf,inf,inf
76-90,inf,inf,inf,inf
77-91,inf,inf,inf,inf
78-92,0.47485931311108154,inf,inf,inf
79-93,inf,inf,inf,inf
80-94,inf,inf,inf,inf
81-95,inf,inf,0.40348124670436497,inf
82-96,0.38657929067766206,inf,inf,inf
83-97,0.3364781638756419,inf,inf,inf
84-98,0.3915863842682536,inf,0.37427943547914605,inf
85-99,inf,inf,0.3560524727694211,inf
86-100,inf,inf,0.3451813941115629,inf
87-101,0.22876600871145453,inf,0.2113751697724219,inf
88-102,0.31059731894575066,inf,0.27661960695010357,inf
89-103,0.2882826027320761,inf,0.25407216705968044,inf
90-104,0.3334808640638285,inf,0.3017456341574222,inf
91-105,0.7511681615336273,inf,0.7058013956026495,inf
92-106,inf,inf,inf,inf
93-107,inf,inf,inf,inf
94-108,inf,inf,inf,inf
95-109,inf,inf,inf,inf
96-110,inf,inf,inf,inf
97-111,inf,inf,inf,inf
98-112,0.3466751952800987,inf,0.3372622594551297,inf
99-113,0.33895714065700155,inf,0.3324885330478905,inf
