PDB ID,6n37,6n3a,6n3b,6n3c,7kwz,7py2,7q3u,8cg3,8cgg,8cgh,8qx9,8qxa,8qxb,9fof-chain-B,9fof
1_13,inf,inf,inf,inf,inf,inf,inf,inf,inf,inf,inf,inf,inf,inf,inf
2_14,inf,inf,inf,inf,inf,inf,inf,inf,inf,inf,inf,inf,inf,inf,inf
3_15,inf,inf,inf,inf,inf,inf,inf,inf,inf,inf,inf,inf,inf,inf,inf
4_16,inf,inf,inf,inf,inf,inf,inf,inf,inf,inf,inf,inf,inf,inf,inf
5_17,inf,inf,inf,inf,inf,inf,inf,inf,inf,inf,inf,inf,inf,inf,inf
6_18,inf,inf,inf,inf,inf,inf,inf,inf,inf,inf,inf,inf,inf,inf,inf
7_19,inf,inf,inf,inf,inf,inf,inf,inf,inf,inf,inf,inf,inf,inf,inf
8_20,inf,inf,inf,inf,inf,inf,inf,inf,inf,inf,inf,inf,inf,inf,inf
9_21,inf,inf,inf,inf,inf,inf,inf,inf,inf,inf,inf,inf,inf,inf,inf
10_22,inf,inf,inf,inf,inf,inf,inf,inf,inf,inf,inf,inf,inf,inf,inf
11_23,inf,inf,inf,inf,inf,inf,inf,inf,inf,inf,inf,inf,inf,inf,inf
12_24,inf,inf,inf,inf,inf,inf,inf,inf,inf,inf,inf,inf,inf,inf,inf
13_25,inf,inf,inf,inf,inf,inf,inf,inf,inf,inf,inf,inf,inf,inf,inf
14_26,inf,inf,inf,inf,inf,inf,inf,inf,inf,inf,inf,inf,inf,inf,inf
15_27,inf,inf,inf,inf,inf,inf,inf,inf,inf,inf,inf,inf,inf,inf,inf
16_28,inf,inf,inf,inf,inf,inf,inf,inf,inf,inf,inf,inf,inf,inf,inf
17_29,inf,inf,inf,inf,inf,inf,inf,inf,inf,inf,inf,inf,inf,inf,inf
18_30,inf,inf,inf,inf,inf,inf,inf,inf,inf,inf,inf,inf,inf,inf,inf
19_31,inf,inf,inf,inf,inf,inf,inf,inf,inf,inf,inf,inf,inf,inf,inf
20_32,inf,inf,inf,inf,inf,inf,inf,inf,inf,inf,inf,inf,inf,inf,inf
21_33,inf,inf,inf,inf,inf,inf,inf,inf,inf,inf,inf,inf,inf,inf,inf
22_34,inf,inf,inf,inf,inf,inf,inf,inf,inf,inf,inf,inf,inf,inf,inf
23_35,inf,inf,inf,inf,inf,inf,inf,inf,inf,inf,inf,inf,inf,inf,inf
24_36,inf,inf,inf,inf,inf,inf,inf,inf,inf,inf,inf,inf,inf,inf,inf
25_37,inf,inf,inf,inf,inf,inf,inf,inf,inf,inf,inf,inf,inf,inf,inf
26_38,inf,inf,inf,inf,inf,inf,inf,inf,inf,inf,inf,inf,inf,inf,inf
27_39,inf,inf,inf,inf,inf,inf,inf,inf,inf,inf,inf,inf,inf,inf,inf
28_40,inf,inf,inf,inf,inf,inf,inf,inf,inf,inf,inf,inf,inf,inf,inf
29_41,inf,inf,inf,inf,inf,inf,inf,inf,inf,inf,inf,inf,inf,inf,inf
30_42,inf,inf,inf,inf,inf,inf,inf,inf,inf,inf,inf,inf,inf,inf,inf
31_43,inf,inf,inf,inf,inf,inf,inf,inf,inf,inf,inf,inf,inf,inf,inf
32_44,inf,inf,inf,inf,inf,inf,inf,inf,inf,inf,inf,inf,inf,inf,inf
33_45,inf,inf,inf,inf,inf,inf,inf,inf,inf,inf,inf,inf,inf,inf,inf
34_46,inf,inf,inf,inf,inf,inf,inf,inf,inf,inf,inf,inf,inf,inf,inf
35_47,inf,inf,inf,inf,inf,inf,inf,inf,inf,inf,inf,inf,inf,inf,inf
36_48,inf,inf,inf,inf,inf,inf,inf,inf,inf,inf,inf,inf,inf,inf,inf
37_49,inf,inf,inf,inf,inf,inf,inf,inf,inf,inf,inf,inf,inf,inf,inf
38_50,inf,inf,inf,inf,inf,inf,inf,inf,inf,inf,inf,inf,inf,inf,inf
39_51,inf,inf,inf,inf,inf,inf,inf,inf,inf,inf,inf,inf,inf,inf,inf
40_52,inf,inf,inf,inf,inf,inf,inf,inf,inf,inf,inf,inf,inf,0.5539889201355215,inf
41_53,inf,inf,inf,inf,inf,inf,inf,inf,inf,inf,inf,inf,inf,0.6286720129518917,inf
42_54,inf,inf,inf,inf,inf,inf,inf,inf,inf,inf,inf,inf,inf,0.44415008350353713,inf
43_55,inf,inf,inf,inf,inf,inf,inf,inf,inf,inf,inf,inf,inf,0.5276008112624806,inf
44_56,inf,inf,inf,inf,inf,inf,inf,inf,inf,inf,inf,inf,inf,0.2526152226049122,inf
45_57,inf,inf,inf,inf,inf,inf,inf,inf,inf,inf,inf,inf,inf,0.3622845045274722,inf
46_58,inf,inf,inf,inf,inf,inf,inf,inf,inf,inf,inf,inf,inf,0.26429581949531844,inf
47_59,inf,inf,inf,inf,inf,inf,inf,inf,inf,inf,inf,inf,inf,0.26510554322083013,inf
48_60,inf,inf,inf,inf,inf,inf,inf,inf,inf,inf,inf,inf,inf,0.539497741413031,inf
49_61,inf,inf,inf,inf,inf,inf,inf,inf,inf,inf,inf,inf,inf,0.6428971897981199,inf
50_62,inf,inf,inf,inf,inf,inf,inf,inf,inf,inf,inf,inf,inf,0.694277460102772,inf
51_63,inf,inf,inf,inf,inf,inf,inf,inf,inf,inf,inf,inf,inf,0.5961222469443078,inf
52_64,inf,inf,inf,inf,inf,inf,inf,inf,inf,inf,inf,inf,inf,0.5407988317361265,inf
53_65,inf,inf,inf,inf,inf,inf,inf,inf,inf,inf,inf,inf,inf,0.3559189278554061,inf
54_66,inf,inf,inf,inf,inf,inf,inf,inf,inf,inf,inf,inf,inf,0.3620987450895057,inf
55_67,inf,inf,inf,inf,inf,inf,inf,inf,inf,inf,inf,inf,inf,0.5464374194281003,inf
56_68,inf,inf,inf,inf,inf,inf,inf,inf,inf,inf,inf,inf,inf,0.4251358717279988,inf
57_69,inf,inf,inf,inf,inf,inf,inf,inf,inf,inf,inf,inf,inf,0.4355165597265952,inf
58_70,inf,inf,inf,inf,inf,inf,inf,inf,inf,inf,inf,inf,inf,0.27553350855055214,inf
59_71,inf,inf,inf,inf,inf,inf,inf,inf,inf,inf,inf,inf,inf,0.21592500819946134,inf
60_72,inf,inf,inf,inf,inf,inf,inf,inf,inf,inf,inf,inf,inf,0.2499771407796308,inf
61_73,inf,inf,inf,inf,inf,inf,inf,inf,inf,inf,inf,inf,inf,0.6475588238793479,inf
62_74,inf,inf,inf,inf,inf,inf,inf,inf,inf,inf,inf,inf,inf,0.7398703500166055,inf
63_75,inf,inf,inf,inf,inf,inf,inf,inf,inf,inf,inf,inf,inf,inf,inf
64_76,inf,inf,inf,inf,inf,inf,inf,inf,inf,inf,inf,inf,inf,inf,inf
65_77,inf,inf,inf,inf,inf,inf,inf,inf,inf,inf,inf,inf,inf,inf,inf
66_78,inf,inf,inf,inf,inf,inf,inf,inf,inf,inf,inf,inf,inf,inf,inf
67_79,inf,inf,inf,inf,inf,inf,inf,inf,inf,inf,inf,inf,inf,inf,inf
68_80,inf,inf,inf,inf,inf,inf,inf,inf,inf,inf,inf,inf,inf,inf,inf
69_81,inf,inf,inf,inf,inf,inf,inf,inf,inf,inf,inf,inf,inf,inf,inf
70_82,inf,inf,inf,inf,inf,inf,inf,inf,inf,inf,inf,inf,inf,inf,inf
71_83,inf,inf,inf,inf,inf,inf,inf,inf,inf,inf,inf,inf,inf,inf,inf
72_84,inf,inf,inf,inf,inf,inf,inf,inf,inf,inf,inf,inf,inf,inf,inf
73_85,inf,inf,inf,inf,inf,inf,inf,inf,inf,inf,inf,inf,inf,inf,inf
74_86,inf,inf,inf,inf,inf,inf,inf,inf,inf,inf,inf,inf,inf,inf,inf
75_87,inf,inf,inf,inf,inf,inf,inf,inf,inf,inf,inf,inf,inf,inf,inf
76_88,inf,inf,inf,inf,inf,inf,inf,inf,inf,inf,inf,inf,inf,inf,inf
77_89,inf,inf,inf,inf,inf,inf,inf,inf,inf,inf,inf,inf,inf,inf,inf
78_90,inf,inf,inf,inf,inf,inf,inf,inf,inf,inf,inf,inf,inf,inf,inf
79_91,inf,inf,inf,inf,inf,inf,inf,inf,inf,inf,inf,inf,inf,inf,inf
80_92,inf,inf,inf,inf,inf,inf,inf,inf,inf,inf,inf,inf,inf,inf,inf
81_93,inf,inf,inf,inf,inf,inf,inf,inf,inf,inf,inf,inf,inf,inf,inf
82_94,inf,inf,inf,inf,inf,inf,inf,inf,inf,inf,inf,inf,inf,inf,inf
83_95,inf,inf,inf,inf,inf,inf,inf,inf,inf,inf,inf,inf,inf,inf,inf
84_96,inf,inf,inf,inf,inf,inf,inf,inf,inf,inf,inf,inf,inf,inf,inf
85_97,inf,inf,inf,inf,inf,inf,inf,inf,inf,inf,inf,inf,inf,inf,inf
86_98,inf,inf,inf,inf,inf,inf,inf,inf,inf,inf,inf,inf,inf,inf,inf
87_99,inf,inf,inf,inf,inf,inf,inf,inf,inf,inf,inf,inf,inf,inf,inf
88_100,inf,inf,inf,inf,inf,inf,inf,inf,inf,inf,inf,inf,inf,inf,inf
89_101,inf,inf,inf,inf,inf,inf,inf,inf,inf,inf,inf,inf,inf,inf,inf
90_102,inf,inf,inf,inf,inf,inf,inf,inf,inf,inf,inf,inf,inf,inf,inf
91_103,inf,inf,inf,inf,inf,inf,inf,inf,inf,inf,inf,inf,inf,inf,inf
92_104,inf,inf,inf,inf,inf,inf,inf,inf,inf,inf,inf,inf,inf,inf,inf
93_105,inf,inf,inf,inf,inf,inf,inf,inf,inf,inf,inf,inf,inf,inf,inf
94_106,inf,inf,inf,inf,inf,inf,inf,inf,inf,inf,inf,inf,inf,inf,inf
95_107,inf,inf,inf,inf,inf,inf,inf,inf,inf,inf,inf,inf,inf,inf,inf
96_108,inf,inf,inf,inf,inf,inf,inf,inf,inf,inf,inf,inf,inf,inf,inf
97_109,inf,inf,inf,inf,inf,inf,inf,inf,inf,inf,inf,inf,inf,inf,inf
98_110,inf,inf,inf,inf,inf,inf,inf,inf,inf,inf,inf,inf,inf,inf,inf
99_111,inf,inf,inf,inf,inf,inf,inf,inf,inf,inf,inf,inf,inf,inf,inf
100_112,inf,inf,inf,inf,inf,inf,inf,inf,inf,inf,inf,inf,inf,inf,inf
101_113,inf,inf,inf,inf,inf,inf,inf,inf,inf,inf,inf,inf,inf,inf,inf
102_114,inf,inf,inf,inf,inf,inf,inf,inf,inf,inf,inf,inf,inf,inf,inf
103_115,inf,inf,inf,inf,inf,inf,inf,inf,inf,inf,inf,inf,inf,inf,inf
104_116,inf,inf,inf,inf,inf,inf,inf,inf,inf,inf,inf,inf,inf,inf,inf
105_117,inf,inf,inf,inf,inf,inf,inf,inf,inf,inf,inf,inf,inf,inf,inf
106_118,inf,inf,inf,inf,inf,inf,inf,inf,inf,inf,inf,inf,inf,inf,inf
107_119,inf,inf,inf,inf,inf,inf,inf,inf,inf,inf,inf,inf,inf,inf,inf
108_120,inf,inf,inf,inf,inf,inf,inf,inf,inf,inf,inf,inf,inf,inf,inf
109_121,inf,inf,inf,inf,inf,inf,inf,inf,inf,inf,inf,inf,inf,inf,inf
110_122,inf,inf,inf,inf,inf,inf,inf,inf,inf,inf,inf,inf,inf,inf,inf
111_123,inf,inf,inf,inf,inf,inf,inf,inf,inf,inf,inf,inf,inf,inf,inf
112_124,inf,inf,inf,inf,inf,inf,inf,inf,inf,inf,inf,inf,inf,inf,inf
113_125,inf,inf,inf,inf,inf,inf,inf,inf,inf,inf,inf,inf,inf,inf,inf
114_126,inf,inf,inf,inf,inf,inf,inf,inf,inf,inf,inf,inf,inf,inf,inf
115_127,inf,inf,inf,inf,inf,inf,inf,inf,inf,inf,inf,inf,inf,inf,inf
116_128,inf,inf,inf,inf,inf,inf,inf,inf,inf,inf,inf,inf,inf,inf,inf
117_129,inf,inf,inf,inf,inf,inf,inf,inf,inf,inf,inf,inf,inf,inf,inf
118_130,inf,inf,inf,inf,inf,inf,inf,inf,inf,inf,inf,inf,inf,inf,inf
119_131,inf,inf,inf,inf,inf,inf,inf,inf,inf,inf,inf,inf,inf,inf,inf
120_132,inf,inf,inf,inf,inf,inf,inf,inf,inf,inf,inf,inf,inf,inf,inf
121_133,inf,inf,inf,inf,inf,inf,inf,inf,inf,inf,inf,inf,inf,inf,inf
122_134,inf,inf,inf,inf,inf,inf,inf,inf,inf,inf,inf,inf,inf,inf,inf
123_135,inf,inf,inf,inf,inf,inf,inf,inf,inf,inf,inf,inf,inf,inf,inf
124_136,inf,inf,inf,inf,inf,inf,inf,inf,inf,inf,inf,inf,inf,inf,inf
125_137,inf,inf,inf,inf,inf,inf,inf,inf,inf,inf,inf,inf,inf,inf,inf
126_138,inf,inf,inf,inf,inf,inf,inf,inf,inf,inf,inf,inf,inf,inf,inf
127_139,inf,inf,inf,inf,inf,inf,inf,inf,inf,inf,inf,inf,inf,inf,inf
128_140,inf,inf,inf,inf,inf,inf,inf,inf,inf,inf,inf,inf,inf,inf,inf
129_141,inf,inf,inf,inf,inf,inf,inf,inf,inf,inf,inf,inf,inf,inf,inf
130_142,inf,inf,inf,inf,inf,inf,inf,inf,inf,inf,inf,inf,inf,inf,inf
131_143,inf,inf,inf,inf,inf,inf,inf,inf,inf,inf,inf,inf,inf,inf,inf
132_144,inf,inf,inf,inf,inf,inf,inf,inf,inf,inf,inf,inf,inf,inf,inf
133_145,inf,inf,inf,inf,inf,inf,inf,inf,inf,inf,inf,inf,inf,inf,inf
134_146,inf,inf,inf,inf,inf,inf,inf,inf,inf,inf,inf,inf,inf,inf,inf
135_147,inf,inf,inf,inf,inf,inf,inf,inf,inf,inf,inf,inf,inf,inf,inf
136_148,inf,inf,inf,inf,inf,inf,inf,inf,inf,inf,inf,inf,inf,inf,inf
137_149,inf,inf,inf,inf,inf,inf,inf,inf,inf,inf,inf,inf,inf,inf,inf
138_150,inf,inf,inf,inf,inf,inf,inf,inf,inf,inf,inf,inf,inf,inf,inf
139_151,inf,inf,inf,inf,inf,inf,inf,inf,inf,inf,inf,inf,inf,inf,inf
140_152,inf,inf,inf,inf,inf,inf,inf,inf,inf,inf,inf,inf,inf,inf,inf
141_153,inf,inf,inf,inf,inf,inf,inf,inf,inf,inf,inf,inf,inf,inf,inf
142_154,inf,inf,inf,inf,inf,inf,inf,inf,inf,inf,inf,inf,inf,inf,inf
143_155,inf,inf,inf,inf,inf,inf,inf,inf,inf,inf,inf,inf,inf,inf,inf
144_156,inf,inf,inf,inf,inf,inf,inf,inf,inf,inf,inf,inf,inf,inf,inf
145_157,inf,inf,inf,inf,inf,inf,inf,inf,inf,inf,inf,inf,inf,inf,inf
146_158,inf,inf,inf,inf,inf,inf,inf,inf,inf,inf,inf,inf,inf,inf,inf
147_159,inf,inf,inf,inf,inf,inf,inf,inf,inf,inf,inf,inf,inf,inf,inf
148_160,inf,inf,inf,inf,inf,inf,inf,inf,inf,inf,inf,inf,inf,inf,inf
149_161,inf,inf,inf,inf,inf,inf,inf,inf,inf,inf,inf,inf,inf,inf,inf
150_162,inf,inf,inf,inf,inf,inf,inf,inf,inf,inf,inf,inf,inf,inf,inf
151_163,inf,inf,inf,inf,inf,inf,inf,inf,inf,inf,inf,inf,inf,inf,inf
152_164,inf,inf,inf,inf,inf,inf,inf,inf,inf,inf,inf,inf,inf,inf,inf
153_165,inf,inf,inf,inf,inf,inf,inf,inf,inf,inf,inf,inf,inf,inf,inf
154_166,inf,inf,inf,inf,inf,inf,inf,inf,inf,inf,inf,inf,inf,inf,inf
155_167,inf,inf,inf,inf,inf,inf,inf,inf,inf,inf,inf,inf,inf,inf,inf
156_168,inf,inf,inf,inf,inf,inf,inf,inf,inf,inf,inf,inf,inf,inf,inf
157_169,inf,inf,inf,inf,inf,inf,inf,inf,inf,inf,inf,inf,inf,inf,inf
158_170,inf,inf,inf,inf,inf,inf,inf,inf,inf,inf,inf,inf,inf,inf,inf
159_171,inf,inf,inf,inf,inf,inf,inf,inf,inf,inf,inf,inf,inf,inf,inf
160_172,inf,inf,inf,inf,inf,inf,inf,inf,inf,inf,inf,inf,inf,inf,inf
161_173,inf,inf,inf,inf,inf,inf,inf,inf,inf,inf,inf,inf,inf,inf,inf
162_174,inf,inf,inf,inf,inf,inf,inf,inf,inf,inf,inf,inf,inf,inf,inf
163_175,inf,inf,inf,inf,inf,inf,inf,inf,inf,inf,inf,inf,inf,inf,inf
164_176,inf,inf,inf,inf,inf,inf,inf,inf,inf,inf,inf,inf,inf,inf,inf
165_177,inf,inf,inf,inf,inf,inf,inf,inf,inf,inf,inf,inf,inf,inf,inf
166_178,inf,inf,inf,inf,inf,inf,inf,inf,inf,inf,inf,inf,inf,inf,inf
167_179,inf,inf,inf,inf,inf,inf,inf,inf,inf,inf,inf,inf,inf,inf,inf
168_180,inf,inf,inf,inf,inf,inf,inf,inf,inf,inf,inf,inf,inf,inf,inf
169_181,inf,inf,inf,inf,inf,inf,inf,inf,inf,inf,inf,inf,inf,inf,inf
170_182,inf,inf,inf,inf,inf,inf,inf,inf,inf,inf,inf,inf,inf,inf,inf
171_183,inf,inf,inf,inf,inf,inf,inf,inf,inf,inf,inf,inf,inf,inf,inf
172_184,inf,inf,inf,inf,inf,inf,inf,inf,inf,inf,inf,inf,inf,inf,inf
173_185,inf,inf,inf,inf,inf,inf,inf,inf,inf,inf,inf,inf,inf,inf,inf
174_186,inf,inf,inf,inf,inf,inf,inf,inf,inf,inf,inf,inf,inf,inf,inf
175_187,inf,inf,inf,inf,inf,inf,inf,inf,inf,inf,inf,inf,inf,inf,inf
176_188,inf,inf,inf,inf,inf,inf,inf,inf,inf,inf,inf,inf,inf,inf,inf
177_189,inf,inf,inf,inf,inf,inf,inf,inf,inf,inf,inf,inf,inf,inf,inf
178_190,inf,inf,inf,inf,inf,inf,inf,inf,inf,inf,inf,inf,inf,inf,inf
179_191,inf,inf,inf,inf,inf,inf,inf,inf,inf,inf,inf,inf,inf,inf,inf
180_192,inf,inf,inf,inf,inf,inf,inf,inf,inf,inf,inf,inf,inf,inf,inf
181_193,inf,inf,inf,inf,inf,inf,inf,inf,inf,inf,inf,inf,inf,inf,inf
182_194,inf,inf,inf,inf,inf,inf,inf,inf,inf,inf,inf,inf,inf,inf,inf
183_195,inf,inf,inf,inf,inf,inf,inf,inf,inf,inf,inf,inf,inf,inf,inf
184_196,inf,inf,inf,inf,inf,inf,inf,inf,inf,inf,inf,inf,inf,inf,inf
185_197,inf,inf,inf,inf,inf,inf,inf,inf,inf,inf,inf,inf,inf,inf,inf
186_198,inf,inf,inf,inf,inf,inf,inf,inf,inf,inf,inf,inf,inf,inf,inf
187_199,inf,inf,inf,inf,inf,inf,inf,inf,inf,inf,inf,inf,inf,inf,inf
188_200,inf,inf,inf,inf,inf,inf,inf,inf,inf,inf,inf,inf,inf,inf,inf
189_201,inf,inf,inf,inf,inf,inf,inf,inf,inf,inf,inf,inf,inf,inf,inf
190_202,inf,inf,inf,inf,inf,inf,inf,inf,inf,inf,inf,inf,inf,inf,inf
191_203,inf,inf,inf,inf,inf,inf,inf,inf,inf,inf,inf,inf,inf,inf,inf
192_204,inf,inf,inf,inf,inf,inf,inf,inf,inf,inf,inf,inf,inf,inf,inf
193_205,inf,inf,inf,inf,inf,inf,inf,inf,inf,inf,inf,inf,inf,inf,inf
194_206,inf,inf,inf,inf,inf,inf,inf,inf,inf,inf,inf,inf,inf,inf,inf
195_207,inf,inf,inf,inf,inf,inf,inf,inf,inf,inf,inf,inf,inf,inf,inf
196_208,inf,inf,inf,inf,inf,inf,inf,inf,inf,inf,inf,inf,inf,inf,inf
197_209,inf,inf,inf,inf,inf,inf,inf,inf,inf,inf,inf,inf,inf,inf,inf
198_210,inf,inf,inf,inf,inf,inf,inf,inf,inf,inf,inf,inf,inf,inf,inf
199_211,inf,inf,inf,inf,inf,inf,inf,inf,inf,inf,inf,inf,inf,inf,inf
200_212,inf,inf,inf,inf,inf,inf,inf,inf,inf,inf,inf,inf,inf,inf,inf
201_213,inf,inf,inf,inf,inf,inf,inf,inf,inf,inf,inf,inf,inf,inf,inf
202_214,inf,inf,inf,inf,inf,inf,inf,inf,inf,inf,inf,inf,inf,inf,inf
203_215,inf,inf,inf,inf,inf,inf,inf,inf,inf,inf,inf,inf,inf,inf,inf
204_216,inf,inf,inf,inf,inf,inf,inf,inf,inf,inf,inf,inf,inf,inf,inf
205_217,inf,inf,inf,inf,inf,inf,inf,inf,inf,inf,inf,inf,inf,inf,inf
206_218,inf,inf,inf,inf,inf,inf,inf,inf,inf,inf,inf,inf,inf,inf,inf
207_219,inf,inf,inf,inf,inf,inf,inf,inf,inf,inf,inf,inf,inf,inf,inf
208_220,inf,inf,inf,inf,inf,inf,inf,inf,inf,inf,inf,inf,inf,inf,inf
209_221,inf,inf,inf,inf,inf,inf,inf,inf,inf,inf,inf,inf,inf,inf,inf
210_222,inf,inf,inf,inf,inf,inf,inf,inf,inf,inf,inf,inf,inf,inf,inf
211_223,inf,inf,inf,inf,inf,inf,inf,inf,inf,inf,inf,inf,inf,inf,inf
212_224,inf,inf,inf,inf,inf,inf,inf,inf,inf,inf,inf,inf,inf,inf,inf
213_225,inf,inf,inf,inf,inf,inf,inf,inf,inf,inf,inf,inf,inf,inf,inf
214_226,inf,inf,inf,inf,inf,inf,inf,inf,inf,inf,inf,inf,inf,inf,inf
215_227,inf,inf,inf,inf,inf,inf,inf,inf,inf,inf,inf,inf,inf,inf,inf
216_228,inf,inf,inf,inf,inf,inf,inf,inf,inf,inf,inf,inf,inf,inf,inf
217_229,inf,inf,inf,inf,inf,inf,inf,inf,inf,inf,inf,inf,inf,inf,inf
218_230,inf,inf,inf,inf,inf,inf,inf,inf,inf,inf,inf,inf,inf,inf,inf
219_231,inf,inf,inf,inf,inf,inf,inf,inf,inf,inf,inf,inf,inf,inf,inf
220_232,inf,inf,inf,inf,inf,inf,inf,inf,inf,inf,inf,inf,inf,inf,inf
221_233,inf,inf,inf,inf,inf,inf,inf,inf,inf,inf,inf,inf,inf,inf,inf
222_234,inf,inf,inf,inf,inf,inf,inf,inf,inf,inf,inf,inf,inf,inf,inf
223_235,inf,inf,inf,inf,inf,inf,inf,inf,inf,inf,inf,inf,inf,inf,inf
224_236,inf,inf,inf,inf,inf,inf,inf,inf,inf,inf,inf,inf,inf,inf,inf
225_237,inf,inf,inf,inf,inf,inf,inf,inf,inf,inf,inf,inf,inf,inf,inf
226_238,inf,inf,inf,inf,inf,inf,inf,inf,inf,inf,inf,inf,inf,inf,inf
227_239,inf,inf,inf,inf,inf,inf,inf,inf,inf,inf,inf,inf,inf,inf,inf
228_240,inf,inf,inf,inf,inf,inf,inf,inf,inf,inf,inf,inf,inf,inf,inf
229_241,inf,inf,inf,inf,inf,inf,inf,inf,inf,inf,inf,inf,inf,inf,inf
230_242,inf,inf,inf,inf,inf,inf,inf,inf,inf,inf,inf,inf,inf,inf,inf
231_243,inf,inf,inf,inf,inf,inf,inf,inf,inf,inf,inf,inf,inf,inf,inf
232_244,inf,inf,inf,inf,inf,inf,inf,inf,inf,inf,inf,inf,inf,inf,inf
233_245,inf,inf,inf,inf,inf,inf,inf,inf,inf,inf,inf,inf,inf,inf,inf
234_246,inf,inf,inf,inf,inf,inf,inf,inf,inf,inf,inf,inf,inf,inf,inf
235_247,inf,inf,inf,inf,inf,inf,inf,inf,inf,inf,inf,inf,inf,inf,inf
236_248,inf,inf,inf,inf,inf,inf,inf,inf,inf,inf,inf,inf,inf,inf,inf
237_249,inf,inf,inf,inf,inf,inf,inf,inf,inf,inf,inf,inf,inf,inf,inf
238_250,inf,inf,inf,inf,inf,inf,inf,inf,inf,inf,inf,inf,inf,inf,inf
239_251,inf,inf,inf,inf,inf,inf,inf,inf,inf,inf,inf,inf,inf,inf,inf
240_252,inf,inf,inf,inf,inf,inf,inf,inf,inf,inf,inf,inf,inf,inf,inf
241_253,inf,inf,inf,inf,inf,inf,inf,inf,inf,inf,inf,inf,inf,inf,inf
242_254,inf,inf,inf,inf,inf,inf,inf,inf,inf,inf,inf,inf,inf,inf,inf
243_255,inf,inf,inf,inf,inf,inf,inf,inf,inf,inf,inf,inf,inf,inf,inf
244_256,inf,inf,inf,inf,inf,inf,inf,inf,inf,inf,inf,inf,inf,inf,inf
245_257,inf,inf,inf,inf,inf,inf,inf,inf,inf,inf,inf,inf,inf,inf,inf
246_258,inf,inf,inf,inf,inf,inf,inf,inf,inf,inf,inf,inf,inf,inf,inf
247_259,inf,inf,inf,inf,inf,inf,inf,inf,inf,inf,inf,inf,inf,inf,inf
248_260,inf,inf,inf,inf,inf,inf,inf,inf,inf,inf,inf,inf,inf,inf,inf
249_261,inf,inf,inf,inf,inf,inf,inf,inf,inf,inf,inf,inf,inf,inf,inf
250_262,inf,inf,inf,inf,inf,inf,inf,inf,inf,inf,inf,inf,inf,inf,inf
251_263,inf,inf,inf,inf,inf,inf,inf,inf,inf,inf,inf,inf,inf,inf,inf
252_264,inf,inf,inf,inf,inf,inf,inf,inf,inf,inf,inf,inf,inf,inf,inf
253_265,inf,inf,inf,inf,inf,inf,inf,inf,inf,inf,inf,inf,inf,inf,inf
254_266,inf,inf,inf,inf,inf,inf,inf,inf,inf,inf,inf,inf,inf,inf,inf
255_267,inf,inf,inf,inf,inf,inf,inf,inf,inf,inf,inf,inf,inf,inf,inf
256_268,inf,inf,inf,inf,inf,inf,inf,inf,inf,inf,inf,inf,inf,inf,inf
257_269,inf,inf,inf,inf,inf,inf,inf,inf,inf,inf,inf,inf,inf,inf,inf
258_270,inf,inf,inf,inf,inf,inf,inf,inf,inf,inf,inf,inf,inf,inf,inf
259_271,inf,inf,inf,inf,inf,inf,inf,inf,inf,inf,inf,inf,inf,inf,inf
260_272,inf,inf,inf,inf,inf,inf,inf,inf,inf,inf,inf,inf,inf,inf,inf
261_273,inf,inf,inf,inf,inf,inf,inf,inf,inf,inf,inf,inf,inf,inf,inf
262_274,inf,inf,inf,inf,inf,inf,inf,inf,inf,inf,inf,inf,inf,inf,inf
263_275,inf,inf,inf,inf,inf,inf,inf,inf,inf,inf,inf,inf,inf,inf,inf
264_276,inf,inf,inf,inf,inf,inf,inf,inf,inf,inf,inf,inf,inf,inf,inf
265_277,inf,inf,inf,inf,inf,inf,inf,inf,inf,inf,inf,inf,inf,inf,inf
266_278,inf,inf,inf,inf,inf,inf,inf,inf,inf,inf,inf,inf,inf,inf,inf
267_279,inf,inf,inf,inf,inf,inf,inf,inf,inf,inf,inf,inf,inf,inf,inf
268_280,inf,inf,inf,inf,inf,inf,inf,inf,inf,inf,inf,inf,inf,inf,inf
269_281,inf,inf,inf,inf,inf,inf,inf,inf,inf,inf,inf,inf,inf,inf,inf
270_282,inf,inf,inf,inf,inf,inf,inf,inf,inf,inf,inf,inf,inf,inf,inf
271_283,inf,inf,inf,inf,inf,inf,inf,inf,inf,inf,inf,inf,inf,inf,inf
272_284,inf,inf,inf,inf,inf,inf,inf,inf,inf,inf,inf,inf,inf,inf,inf
273_285,inf,inf,inf,inf,inf,inf,inf,0.34312111370518067,inf,inf,inf,inf,inf,inf,inf
274_286,inf,inf,inf,inf,inf,inf,inf,0.46534696100546136,inf,inf,inf,inf,inf,inf,inf
275_287,inf,inf,inf,inf,inf,inf,inf,0.4723271696087125,inf,inf,inf,inf,inf,inf,inf
276_288,inf,inf,inf,inf,inf,inf,inf,0.3120955135647004,inf,inf,inf,inf,inf,inf,inf
277_289,inf,inf,inf,inf,0.2898881784208712,inf,inf,0.29503482797392894,inf,inf,inf,inf,inf,inf,inf
278_290,inf,inf,inf,inf,0.3302550000426051,inf,inf,0.33258454876223253,inf,inf,inf,inf,inf,inf,inf
279_291,inf,inf,inf,inf,0.3317918695574722,inf,inf,0.44026135819467516,inf,inf,inf,inf,inf,inf,inf
280_292,inf,inf,inf,inf,0.35978325181096954,inf,inf,0.5458929890832629,inf,inf,inf,inf,inf,inf,inf
281_293,inf,inf,inf,inf,0.3741625850213791,inf,inf,0.6670827077902654,inf,inf,inf,inf,inf,inf,inf
282_294,inf,inf,inf,inf,0.3307265016507947,inf,0.2730453980687423,0.6892754012475206,0.27540911100762383,0.277312139844339,inf,inf,inf,inf,inf
283_295,inf,inf,inf,inf,0.37201100907461304,0.26560009518965233,0.24074176090455174,0.7518343522282815,0.2948948750842103,0.3031845251406346,inf,inf,inf,inf,0.6180653112470641
284_296,inf,inf,inf,inf,0.36462995462912184,0.3116579146454018,0.2933917206676758,0.8213037193083217,0.38796304552216865,0.39010671503485356,inf,inf,inf,inf,0.7417653207551589
285_297,inf,inf,inf,inf,0.3679760352566184,0.22888867659704562,0.3858814472083326,0.6606955283675368,0.37979630385606905,0.3805680113414719,inf,inf,inf,inf,0.6553286507374175
286_298,inf,inf,inf,inf,0.29014464099519627,0.320721024604644,0.4345014659076146,0.4367578942206749,0.40349345576117646,0.39878557199814524,inf,inf,inf,inf,0.44115969980710945
287_299,inf,inf,inf,inf,0.27584425097793935,0.4969429237870158,0.4187384250750176,0.4552738085886494,0.4971398506821315,0.49463677060596123,inf,inf,inf,inf,0.4813055109582245
288_300,inf,inf,inf,inf,0.3878719883331313,0.4770528693042257,0.27632350797893807,0.36200012130314263,0.4901764030385757,0.4860569531186876,inf,inf,inf,inf,0.34824769415609313
289_301,inf,inf,inf,0.36475524621182065,0.4603737422683773,0.6655396872173945,0.416491280390712,0.37477384663379165,0.6714547509482945,0.6652533550280246,inf,inf,inf,inf,0.4563782430518836
290_302,inf,inf,inf,0.25874401406147784,0.43131234333036395,0.599603874395777,0.45352674440671076,0.33544739137707635,0.6134566887139793,0.6090676311025885,inf,inf,inf,inf,0.37666787713247496
291_303,inf,inf,inf,0.263396259274748,0.43040046881126015,0.6537096998577994,0.5930640421293246,0.37346106966760295,0.5289863380035744,0.5275772516830227,inf,inf,inf,inf,0.4367301385861741
292_304,inf,inf,inf,0.29191138180674747,0.34181016627613137,0.6484928136408609,0.5886225286555956,0.46875473260889267,0.2797035350800576,0.2782570958354456,inf,inf,inf,inf,0.40437269767958045
293_305,inf,inf,inf,0.37291076839250875,0.3425713676822426,0.6036979160540883,0.6045163552195637,0.4460895894736258,0.24103007562157588,0.24247958824464586,inf,inf,inf,inf,0.4801367778069462
294_306,inf,inf,inf,0.38980871397633415,0.32566761683155504,0.5753607613998923,0.5739029391860495,0.4212888794751204,0.300760271056189,0.30161804806431564,inf,inf,inf,inf,0.4736390730822534
295_307,inf,inf,inf,0.3569190754777849,0.3447106404369146,0.5695653415399782,0.5711085444512417,0.4269797510884482,0.40425105464223926,0.4051243226641522,inf,inf,inf,inf,0.5765904838591464
296_308,inf,inf,inf,0.4139217508994684,0.3286885228964962,0.5225248244083499,0.5787368787838957,0.46333800116364426,0.47010329850674937,0.4680866537196917,inf,inf,inf,inf,0.6774304439674926
297_309,inf,inf,inf,0.512074865728096,0.31458244008427844,0.4401025050508439,0.6276619411984448,0.5407854715851739,0.5381148321628801,0.5333286121938602,inf,inf,inf,inf,0.7771594051366738
298_310,inf,inf,inf,0.45782216565030287,0.3266926861649197,0.4463872514546319,0.5829446467171417,0.4862990045858613,0.4867811994797967,0.48152777265950747,inf,inf,inf,inf,0.7208349341877988
299_311,inf,inf,inf,0.41387375174877883,0.20601984242796925,0.2969342372728929,0.633991938514757,0.4521226342457557,0.45902663931683707,0.45308654993163955,inf,inf,inf,inf,0.5921268155486482
300_312,inf,inf,inf,0.35350686394518804,0.2850000011640633,0.23134816599458738,0.6462283401041036,0.3802179386576344,0.3891529719933889,0.38733732629164563,inf,inf,inf,inf,0.419753417372117
301_313,inf,inf,inf,0.3161957722620274,0.4119393243500049,0.2235434596103501,0.6147986859243704,0.31560793049986247,0.3246478576341788,0.3237447095196126,inf,inf,inf,inf,0.3315733069940817
302_314,inf,inf,inf,0.3378356662127348,0.5890651705143499,0.26194423742200534,0.4701693335788681,0.28723197135283246,0.2848844855604015,0.283464672597114,inf,inf,inf,inf,0.27985439348856905
303_315,inf,inf,inf,0.37645089592652886,0.6834874452886559,0.30474126306742255,0.48075601739200646,0.31299176845002663,0.30759202054938756,0.3074726281364915,inf,inf,inf,inf,0.3572693073214008
304_316,inf,inf,inf,0.345605810811502,0.6608319125054434,0.3951496491760694,0.5173961135555851,0.3076599625391676,0.29865246494925624,0.29843800927132635,inf,inf,inf,inf,0.45370517934830523
305_317,inf,inf,inf,0.38760277454130027,0.6147831015175034,0.37701108960761004,0.44955826672285937,0.31202175795996173,0.3051845993043715,0.30421564164929565,0.22674141606649406,0.22838793977388844,0.21801456107883316,inf,0.49997086496076787
306_318,inf,inf,inf,0.42405375086847713,0.4720248729276963,0.3745609920074059,0.45352845725275664,0.3332485808407953,0.3329063617462954,0.3307756569920236,0.2253007124753969,0.2239106560670637,0.21529155218090534,inf,0.4566525484844912
307_319,inf,inf,inf,0.5505858733398268,0.5273167232614961,0.3947872359972292,0.5169669600520714,0.4365278277529884,0.43890797787400315,0.43640165516552765,0.2286844834863242,0.228003119790122,0.2326418997004797,inf,0.40950648472547896
308_320,inf,inf,inf,inf,0.46042864078562484,0.4226461998065235,0.6183904488391887,0.5138649885887923,0.5098257055669789,0.508051997218676,0.2390788843760021,0.24673862429840215,0.24968338466330348,inf,0.38532383346886395
309_321,inf,inf,inf,inf,0.3452797452435206,0.5395911729325502,0.6513033371879375,0.5023877805208251,0.49935614335668255,0.49673859869241754,0.35346168459439187,0.36634380223664137,0.35540363762554195,inf,0.5712672971777999
310_322,inf,inf,inf,inf,0.18437621244677277,0.3836168193837512,0.38406313079857746,0.45298371145644645,0.44955585147207683,0.4518760181186643,0.19068670448629862,0.197493224038016,0.19522873374022842,inf,0.48591664856158046
311_323,inf,inf,inf,inf,0.2644230367472149,0.3717601147469525,0.238178281094251,0.5326218716833551,0.5307518480295959,0.533968427988,0.19358308206295743,0.21582644506196175,0.20995262845718962,inf,0.4642067045632059
312_324,inf,0.41069128207398514,0.5422507600463392,inf,0.33700023074044705,0.37563199781778867,0.3142240920017708,0.5814369674279424,0.5799116810315446,0.5848075595264397,0.27586048919295386,0.29852839155439065,0.28312110463821044,inf,0.45447722352539
313_325,0.4711974773763588,0.4574150224109353,0.4570344306300222,inf,0.33843700495577933,0.36300055767006734,0.4074744076088379,0.6117228279011578,0.6086153460264386,0.6146020360852983,0.28498313944583,0.3201374530714714,0.29293504939171666,inf,0.40628701937043604
314_326,0.5943963632854282,0.5648064829970394,0.5332687366415737,inf,0.48508480753132244,0.34730986925639196,0.5870200031085205,0.4152282453355399,0.41314804274612804,0.41902669199360354,0.4649275657630366,0.498229287516675,0.4653402227713085,inf,0.3333982687564808
315_327,0.6401451319046215,0.5816374910442208,0.5688710181366783,inf,0.5378390677472945,0.3503687362909568,0.5856577954020925,0.4612047833330862,0.4588456600582651,0.4633677138772859,0.5146220121525251,0.5288094854550999,0.515241141421535,inf,0.4782179253906918
316_328,0.5226326762415786,0.5202679886093395,0.5173577150398287,inf,0.4554565378889947,0.2976607327560283,0.50144452499786,0.4401860432314745,0.4373912773011927,0.44041947803170417,0.45046457778703275,0.45022908740128437,0.455068932860428,inf,0.4961749676786419
317_329,0.5737560488461793,0.5760600714024627,0.5870176639933888,inf,0.5553287874929502,0.399608915109791,0.5643381988533596,0.5543175801818948,0.5507383451323671,0.5544528935968882,0.5500851014421319,0.5446734160301726,0.5513979326699021,inf,0.5863665815251402
318_330,0.5635978315862138,0.5766255035381375,0.6031825427308777,inf,0.5832268038409824,0.39651517681237264,0.5717651989175552,0.6417483126463757,0.6395494725406932,0.6438381203719836,0.5768037063624388,0.5605033795011671,0.57043983873968,inf,0.5710537101516343
319_331,0.5462561156067302,0.5482398475214847,0.5726774059422569,inf,0.5613876492752232,0.40544235062230055,0.53509325578659,0.6640862290873835,0.6620180953489977,0.6661783014753369,0.5623763989793996,0.5517434821581311,0.5534690475390739,inf,0.561196743714587
320_332,0.5773427444608272,0.5597188650591356,0.5768092528755404,inf,0.5448423684518342,0.4257759810679949,0.4853499628010053,0.6604185277054052,0.6578783320911153,0.6601331989623189,0.5892796074059645,0.5895073482498155,0.5735739321155283,inf,0.5938520857114541
321_333,0.6361701136120218,0.6206280420796816,0.6446072958177858,inf,0.5363796314805568,0.40674197528603945,0.4922812340505492,0.6630519147791708,0.6604043647976797,0.6618066156252322,0.6466977123509781,0.6471175403011609,0.6331030918769484,inf,0.6508193738857682
322_334,0.6555495651021024,0.648658132020795,0.6727018619295404,inf,0.5641007166930536,0.3966166100356169,0.515927574472169,0.6234300491491463,0.6193127698190876,0.619595811255867,0.6904830456471602,0.6798395856578684,0.691588038093819,inf,0.652158160954552
323_335,0.6193177468135125,0.6227326871911567,0.6294090761570399,inf,0.5906839088917729,0.4226545719546113,0.5418263514173411,0.6499959022498937,0.6470815775487345,0.6468077059805903,0.6351000277102251,0.627218938335988,0.6381914651221263,inf,0.6035414669929203
324_336,0.5248446811010796,0.5202540216316687,0.5268940152173796,inf,0.5759508481034075,0.44702386095999147,0.4908349115505195,0.5990452487666373,0.5940680058279516,0.5935214382741121,0.5314022804371282,0.5329705907762581,0.5405825441482939,inf,0.5221842961465415
325_337,0.5924239465575538,0.5662058087679178,0.5654839612414324,inf,0.5259349326541691,0.5045917786084549,0.4867115447294717,0.6728088249375498,0.6671772811112004,0.631044132087992,0.5529671638381891,0.5617145912609217,0.5621548869862829,inf,0.5728835077702291
326_338,0.6735235304945689,0.6231705467076389,0.629873270985317,inf,0.47599103203669885,0.5433758674586651,0.47423638959933473,0.7453863316905449,0.7479186627340314,0.6846558527904674,0.612915527104068,0.6204450772443255,0.6206929959184165,inf,0.6565744829736656
327_339,0.43251048880594417,0.34852285033188146,0.37114101342741795,inf,0.39847701049103257,0.42561022047786085,0.28366560608311164,0.5028713518250101,0.5046011842699325,0.40135835620495197,0.36849707770750784,0.39027029211739506,0.3791046630303404,inf,0.4054758497178275
328_340,0.5058622079604446,0.3941422740892279,0.380850644134626,inf,0.4916361783039006,0.4247417657728489,0.4290025560886206,0.44866574690509103,0.4499786433226257,0.33472897511369554,0.36372342315544737,0.3667903527163562,0.375534073866405,inf,0.45126847136783876
329_341,0.5712235205984141,0.46391342447267886,0.5035619085689848,inf,0.41657594988608604,0.44894077829756024,0.45086583814712633,0.4938044397633143,0.4980538597742702,0.49146976769210166,0.5034667049406255,0.5170268726221184,0.5097145441684345,inf,0.5443804675434705
330_342,0.5559967439278567,0.42501971357358004,0.48703159832118903,inf,0.3815342229686929,0.4508074815014491,0.49930280864058985,0.43282980488270156,0.4388552000120624,0.4249469093998915,0.5654270417607317,0.5709977937616912,0.5666578269214703,inf,0.5046400502905909
331_343,0.47053336321274725,0.3732692431735268,0.43174176902835465,inf,0.3127390619962139,0.4435288877091514,0.5690423146900825,0.47270584150357864,0.47682778113350865,0.45950663137470216,0.6872997603374239,0.6904480309137904,0.687228971323807,inf,0.45381779106799564
332_344,0.5249537760381853,0.42330451060610663,0.4554034433638181,inf,0.31778380721935706,0.3750727637579791,0.5921003564034426,0.46863858439932027,0.4665588728593165,0.44774715409430044,0.5486026453923016,0.5488212141190278,0.5489332327271914,inf,0.3820439003839202
333_345,0.4904006396198737,0.3582010956066822,0.4854069342227979,inf,0.334114910840885,0.4417630340214195,0.6483128446495022,0.5594311981112424,0.5603272620362467,0.5711048859144255,0.553870209054021,0.5552502786476282,0.551379236252864,inf,0.43449886793495784
334_346,0.5199307605103101,0.3241065935403332,0.5554480513796747,inf,0.35877790594632103,0.34351263690934186,0.4690110617130815,0.4247627726062039,0.426969972050746,0.46433422435385785,0.3649299805275721,0.3732153467415891,0.3677701450329508,inf,inf
335_347,0.4858114678756579,0.2965385910740002,inf,inf,0.3637232732143354,0.3254803743295313,0.3632777669118078,0.3613693477821651,0.36485144451751383,0.40189607812332495,0.3719947667460335,0.37936491974025116,0.37567732344010907,inf,inf
336_348,inf,0.24848505455431585,inf,inf,0.3183633557395512,0.27430099319823475,0.2848544441933491,0.324230304630727,0.3257250779682598,0.3991203576383043,0.34264517978889886,0.3535859013180092,0.33994999010430876,inf,inf
337_349,inf,0.41371049238148566,inf,inf,0.2657432028881816,0.35182028831136253,0.37261539822326833,0.3231547535212445,0.3316594878901271,0.34116461382619817,inf,inf,inf,inf,inf
338_350,inf,0.20114142943704394,inf,inf,0.2822748098102346,0.2318087199044531,0.27173739175396866,0.24112415774900797,0.22898041179231496,0.3406668799551235,inf,inf,inf,inf,inf
339_351,inf,0.23105494817872888,inf,inf,0.36425012268129076,0.19705146732912035,0.2346042787186832,0.2955432889059646,0.28653124847410816,0.3638414622732755,inf,inf,inf,inf,inf
340_352,inf,0.3847162510380898,inf,inf,0.2948150949263926,0.36714087044390087,inf,0.37946382027081293,0.3797271152995024,0.3184994323578659,inf,inf,inf,inf,inf
341_353,inf,0.36970194175232296,inf,inf,0.29220040023427474,0.25106222265819367,inf,0.33203892490458226,0.3341571071336312,0.26065049839064736,inf,inf,inf,inf,inf
342_354,inf,0.31148918032068107,inf,inf,0.417757423783215,0.44993257147352017,inf,0.4802063995802236,0.480757642340095,0.41670501534663906,inf,inf,inf,inf,inf
343_355,inf,0.3298137108544048,inf,inf,0.4845817187972744,0.45724022045645907,inf,0.434041615901377,0.43209017991095633,0.44115370018483596,inf,inf,inf,inf,inf
344_356,inf,0.5537353257702082,inf,inf,0.4054549678809571,0.32297819203260336,inf,0.30555133192332856,0.30407354865646935,0.28861700825352943,inf,inf,inf,inf,inf
345_357,inf,0.6646049886074533,inf,inf,0.36391667053845217,0.3337223464668406,inf,0.3671338041191175,0.3637243045503835,0.35717748437936797,inf,inf,inf,inf,inf
346_358,inf,0.7444770013478439,inf,inf,0.2951507133924992,0.26192905005356154,inf,0.307878136268945,0.3039116903451283,0.30355539449147356,inf,inf,inf,inf,inf
347_359,inf,0.5502519512750607,inf,inf,0.31196854531636,0.31984242407135477,inf,0.29203393106208597,0.29140754247789386,0.2899865430087071,inf,inf,inf,inf,inf
348_360,inf,0.5260426918438291,inf,inf,0.24735610528052399,0.2457314502420526,inf,0.2235162392405204,0.21926167838230545,0.22138088527709834,inf,inf,inf,inf,inf
349_361,inf,inf,inf,inf,0.23367226584677286,inf,inf,inf,inf,inf,inf,inf,inf,inf,inf
350_362,inf,inf,inf,inf,0.21502101210098004,inf,inf,inf,inf,inf,inf,inf,inf,inf,inf
351_363,inf,inf,inf,inf,0.21737604297959442,inf,inf,inf,inf,inf,inf,inf,inf,inf,inf
352_364,inf,inf,inf,inf,0.21507242983828756,inf,inf,inf,inf,inf,inf,inf,inf,inf,inf
353_365,inf,inf,inf,inf,0.21577855892601824,inf,inf,inf,inf,inf,inf,inf,inf,inf,inf
354_366,inf,inf,inf,inf,0.21724347368813834,inf,inf,inf,inf,inf,inf,inf,inf,inf,inf
355_367,inf,inf,inf,inf,0.2672016015528039,inf,inf,inf,inf,inf,inf,inf,inf,inf,inf
356_368,inf,inf,inf,inf,0.41393133178725205,inf,inf,inf,inf,inf,inf,inf,inf,inf,inf
357_369,inf,inf,inf,inf,0.4165161988017088,inf,inf,inf,inf,inf,inf,inf,inf,inf,inf
358_370,inf,inf,inf,inf,0.4707001519924847,inf,inf,inf,inf,inf,inf,inf,inf,inf,inf
359_371,inf,inf,inf,inf,0.6033170645458736,inf,inf,inf,inf,inf,inf,inf,inf,inf,inf
360_372,inf,inf,inf,inf,0.5808285849691937,inf,inf,inf,inf,inf,inf,inf,inf,inf,inf
361_373,inf,inf,inf,inf,0.5142098715829345,inf,inf,inf,inf,inf,inf,inf,inf,inf,inf
362_374,inf,inf,inf,inf,0.45281296454492403,inf,inf,inf,inf,inf,inf,inf,inf,inf,inf
363_375,inf,inf,inf,inf,0.5592514225621847,inf,inf,inf,inf,inf,inf,inf,inf,inf,inf
364_376,inf,inf,inf,inf,0.6250712032220685,inf,inf,inf,inf,inf,inf,inf,inf,inf,inf
365_377,inf,inf,inf,inf,0.5082220200630732,inf,inf,inf,inf,inf,inf,inf,inf,inf,inf
366_378,inf,inf,inf,inf,0.4187230927794773,inf,inf,inf,inf,inf,inf,inf,inf,inf,inf
367_379,inf,inf,inf,inf,0.2774168701907406,inf,inf,inf,inf,inf,inf,inf,inf,inf,inf
368_380,inf,inf,inf,inf,0.19883830629600102,inf,inf,inf,inf,inf,inf,inf,inf,inf,inf
369_381,inf,inf,inf,inf,0.222599332500068,inf,inf,inf,inf,inf,inf,inf,inf,inf,inf
370_382,inf,inf,inf,inf,0.29654740703654203,inf,inf,inf,inf,inf,inf,inf,inf,inf,inf
371_383,inf,inf,inf,inf,0.3423410211959086,inf,inf,inf,inf,inf,inf,inf,inf,inf,inf
372_384,inf,inf,inf,inf,0.44232149261945947,inf,inf,inf,inf,inf,inf,inf,inf,inf,inf
373_385,inf,inf,inf,inf,0.38037410703748364,inf,inf,inf,inf,inf,inf,inf,inf,inf,inf
374_386,inf,inf,inf,inf,0.674332698099142,inf,inf,inf,inf,inf,inf,inf,inf,inf,inf
375_387,inf,inf,inf,inf,0.6682243517416343,inf,inf,inf,inf,inf,inf,inf,inf,inf,inf
376_388,inf,inf,inf,inf,0.43052274106809935,inf,inf,inf,inf,inf,inf,inf,inf,inf,inf
377_389,inf,inf,inf,inf,0.5278343257002872,inf,inf,inf,inf,inf,inf,inf,inf,inf,inf
378_390,inf,inf,inf,inf,0.6734727600681295,inf,inf,inf,inf,inf,inf,inf,inf,inf,inf
379_391,inf,inf,inf,inf,0.8593211854398014,inf,inf,inf,inf,inf,inf,inf,inf,inf,inf
380_392,inf,inf,inf,inf,0.9153540778697697,inf,inf,inf,inf,inf,inf,inf,inf,inf,inf
381_393,inf,inf,inf,inf,0.790402088519062,inf,inf,inf,inf,inf,inf,inf,inf,inf,inf
382_394,inf,inf,inf,inf,0.23201850606567373,inf,inf,inf,inf,inf,inf,inf,inf,inf,inf
383_395,inf,inf,inf,inf,0.296300598446132,inf,inf,inf,inf,inf,inf,inf,inf,inf,inf
384_396,inf,inf,inf,inf,0.46568321297234805,inf,inf,inf,inf,inf,inf,inf,inf,inf,inf
385_397,inf,inf,inf,inf,0.316562220568842,inf,inf,inf,inf,inf,inf,inf,inf,inf,inf
386_398,inf,inf,inf,inf,0.33420969295822606,inf,inf,inf,inf,inf,inf,inf,inf,inf,inf
387_399,inf,inf,inf,inf,0.3043723443099055,inf,inf,inf,inf,inf,inf,inf,inf,inf,inf
388_400,inf,inf,inf,inf,0.36488139592649727,inf,inf,inf,inf,inf,inf,inf,inf,inf,inf
389_401,inf,inf,inf,inf,0.45398561531048653,inf,inf,inf,inf,inf,inf,inf,inf,inf,inf
390_402,inf,inf,inf,inf,0.5283906706269932,inf,inf,inf,inf,inf,inf,inf,inf,inf,inf
391_403,inf,inf,inf,inf,0.6289335139319329,inf,inf,inf,inf,inf,inf,inf,inf,inf,inf
392_404,inf,inf,inf,inf,0.5549582957353687,inf,inf,inf,inf,inf,inf,inf,inf,inf,inf
393_405,inf,inf,inf,inf,0.48285799542145336,inf,inf,inf,inf,inf,inf,inf,inf,inf,inf
394_406,inf,inf,inf,inf,0.4173237142118366,inf,inf,inf,inf,inf,inf,inf,inf,inf,inf
395_407,inf,inf,inf,inf,0.36976467844842276,inf,inf,inf,inf,inf,inf,inf,inf,inf,inf
396_408,inf,inf,inf,inf,0.3975072175722929,inf,inf,inf,inf,inf,inf,inf,inf,inf,inf
397_409,inf,inf,inf,inf,0.4537406291054592,inf,inf,inf,inf,inf,inf,inf,inf,inf,inf
398_410,inf,inf,inf,inf,0.3818412194655504,inf,inf,inf,inf,inf,inf,inf,inf,inf,inf
399_411,inf,inf,inf,inf,0.40138928923653133,inf,inf,inf,inf,inf,inf,inf,inf,inf,inf
400_412,inf,inf,inf,inf,0.3695062667379937,inf,inf,inf,inf,inf,inf,inf,inf,inf,inf
401_413,inf,inf,inf,inf,0.40579355732174366,inf,inf,inf,inf,inf,inf,inf,inf,inf,inf
402_414,inf,inf,inf,inf,0.4196788382169364,inf,inf,inf,inf,inf,inf,inf,inf,inf,inf
403_415,inf,inf,inf,inf,inf,inf,inf,inf,inf,inf,inf,inf,inf,inf,inf
